{"cameraMode":{"drawMode":0,"name":"Shaded","section":"Shading Mode"},"sceneLighting":true,"audioPlay":false,"sceneViewState":{"showFog":true,"showMaterialUpdate":false,"showSkybox":true,"showFlares":true,"showImageEffects":true,"showParticleSystems":true},"in2DMode":false,"pivot":{"x":37.96796798706055,"y":-14.596256256103516,"z":5.2228922843933109},"rotation":{"x":0.1681661605834961,"y":-0.26491522789001467,"z":0.04697209596633911,"w":0.9483467936515808},"size":4.497541427612305,"orthographic":true}