{"cameraMode":{"drawMode":0,"name":"Shaded","section":"Shading Mode"},"sceneLighting":true,"audioPlay":false,"sceneViewState":{"showFog":true,"showMaterialUpdate":false,"showSkybox":true,"showFlares":true,"showImageEffects":true,"showParticleSystems":true},"in2DMode":false,"pivot":{"x":62.679161071777347,"y":-4.095498085021973,"z":-0.27680015563964846},"rotation":{"x":-0.22356870770454408,"y":0.5136283040046692,"z":-0.14066444337368012,"w":-0.8163512349128723},"size":10.0,"orthographic":false}