{"cameraMode":{"drawMode":0,"name":"Shaded","section":"Shading Mode"},"sceneLighting":true,"audioPlay":false,"sceneViewState":{"showFog":true,"showMaterialUpdate":false,"showSkybox":true,"showFlares":true,"showImageEffects":true,"showParticleSystems":true},"in2DMode":false,"pivot":{"x":45.68870544433594,"y":-5.038308143615723,"z":-1.0982789993286133},"rotation":{"x":0.24222977459430695,"y":-0.6655536890029907,"z":0.2432365119457245,"w":0.6627511382102966},"size":9.12024974822998,"orthographic":true}