{"cameraMode":{"drawMode":0,"name":"Shaded","section":"Shading Mode"},"sceneLighting":true,"audioPlay":false,"sceneViewState":{"showFog":true,"showMaterialUpdate":false,"showSkybox":true,"showFlares":true,"showImageEffects":true,"showParticleSystems":true},"in2DMode":false,"pivot":{"x":38.22279357910156,"y":-9.390799522399903,"z":-0.3566560745239258},"rotation":{"x":-0.1773817539215088,"y":0.6837854981422424,"z":-0.17699377238750459,"w":-0.6854140758514404},"size":10.191291809082032,"orthographic":true}