{"cameraMode":{"drawMode":0,"name":"Shaded","section":"Shading Mode"},"sceneLighting":true,"audioPlay":false,"sceneViewState":{"showFog":true,"showMaterialUpdate":false,"showSkybox":true,"showFlares":true,"showImageEffects":true,"showParticleSystems":true},"in2DMode":false,"pivot":{"x":28.525007247924806,"y":-18.284164428710939,"z":-2.3540401458740236},"rotation":{"x":-0.14040161669254304,"y":0.6912614703178406,"z":-0.1395474523305893,"w":-0.6950259804725647},"size":9.367648124694825,"orthographic":true}