{"cameraMode":{"drawMode":0,"name":"Shaded","section":"Shading Mode"},"sceneLighting":true,"audioPlay":false,"sceneViewState":{"showFog":true,"showMaterialUpdate":false,"showSkybox":true,"showFlares":true,"showImageEffects":true,"showParticleSystems":true},"in2DMode":false,"pivot":{"x":48.03619384765625,"y":-10.8125581741333,"z":8.662193298339844},"rotation":{"x":0.10405093431472779,"y":-0.3730952739715576,"z":0.04214808717370033,"w":0.9209842681884766},"size":15.537260055541993,"orthographic":true}