{"cameraMode":{"drawMode":0,"name":"Shaded","section":"Shading Mode"},"sceneLighting":true,"audioPlay":false,"sceneViewState":{"showFog":true,"showMaterialUpdate":false,"showSkybox":true,"showFlares":true,"showImageEffects":true,"showParticleSystems":true},"in2DMode":false,"pivot":{"x":42.33061981201172,"y":-12.663407325744629,"z":-1.5425667762756348},"rotation":{"x":-0.10369107872247696,"y":0.7094360589981079,"z":-0.10678470134735108,"w":-0.6888886094093323},"size":2.5472097396850588,"orthographic":true}