{"cameraMode":{"drawMode":0,"name":"Shaded","section":"Shading Mode"},"sceneLighting":true,"audioPlay":false,"sceneViewState":{"showFog":true,"showMaterialUpdate":false,"showSkybox":true,"showFlares":true,"showImageEffects":true,"showParticleSystems":true},"in2DMode":false,"pivot":{"x":24.897661209106447,"y":-18.979665756225587,"z":1.603499412536621},"rotation":{"x":0.19320039451122285,"y":-0.6737826466560364,"z":0.18931764364242555,"w":0.6876856088638306},"size":11.683648109436036,"orthographic":false}